Date,Temperature(F),Humidity(%)
2020-03-06 18:56:00,75.2*F,35.00%
2020-03-06 18:58:00,77.0*F,35.00%
2020-03-06 18:59:00,77.0*F,35.00%
2020-03-06 19:00:00,75.2*F,35.00%
2020-03-06 19:01:00,75.2*F,35.00%
2020-03-06 19:02:00,75.2*F,33.00%
2020-03-06 19:03:00,75.2*F,36.00%
2020-03-06 19:04:00,75.2*F,36.00%
2020-03-06 19:05:00,75.2*F,34.00%
2020-03-06 19:06:00,75.2*F,34.00%
2020-03-06 19:07:00,75.2*F,33.00%
2020-03-06 19:08:00,75.2*F,35.00%
2020-03-06 19:09:00,75.2*F,35.00%
2020-03-06 19:10:00,75.2*F,35.00%
2020-03-06 19:11:00,75.2*F,35.00%
2020-03-06 22:28:00,75.2*F,36.00%
2020-03-06 22:29:00,75.2*F,36.00%
2020-03-06 22:30:00,75.2*F,35.00%
2020-03-06 22:31:00,75.2*F,38.00%
2020-03-06 22:32:00,75.2*F,38.00%
2020-03-06 22:33:00,75.2*F,38.00%
2020-03-06 22:34:00,75.2*F,38.00%
2020-03-06 22:35:00,75.2*F,38.00%
2020-03-06 22:36:00,75.2*F,38.00%
2020-03-06 22:37:00,75.2*F,36.00%
2020-03-06 22:38:00,75.2*F,38.00%
2020-03-06 22:39:00,75.2*F,38.00%
2020-03-06 22:40:00,75.2*F,37.00%
2020-03-06 22:41:00,75.2*F,35.00%
2020-03-06 22:42:00,75.2*F,38.00%
2020-03-06 22:43:00,75.2*F,38.00%
2020-03-06 22:44:00,75.2*F,38.00%
2020-03-06 22:45:00,75.2*F,38.00%
2020-03-06 22:46:00,75.2*F,38.00%
2020-03-06 22:47:00,75.2*F,38.00%
2020-03-06 22:48:00,75.2*F,38.00%
2020-03-06 22:49:00,75.2*F,38.00%
2020-03-06 22:50:00,75.2*F,38.00%
2020-03-06 22:51:00,75.2*F,38.00%
2020-03-06 22:52:00,75.2*F,37.00%
2020-03-06 22:53:00,75.2*F,38.00%
2020-03-08 21:57:00,75.2*F,38.00%
2020-03-08 21:57:00,75.2*F,35.00%
2020-03-08 21:58:00,75.2*F,34.00%
2020-03-08 21:59:00,75.2*F,36.00%
2020-03-08 22:00:00,75.2*F,34.00%
2020-03-08 22:01:00,75.2*F,36.00%
2020-03-08 22:02:00,75.2*F,34.00%
2020-03-08 22:03:00,75.2*F,37.00%
2020-03-08 22:04:00,75.2*F,36.00%
2020-03-08 22:05:00,75.2*F,35.00%
2020-03-08 22:06:00,75.2*F,35.00%
2020-03-08 22:07:00,75.2*F,37.00%
2020-03-08 22:08:00,53.6*F,34.00%
2020-03-08 22:09:00,75.2*F,36.00%
2020-03-08 22:10:00,75.2*F,34.00%
2020-03-08 22:11:00,53.6*F,36.00%
2020-03-08 22:12:00,75.2*F,34.00%
2020-03-08 22:13:00,75.2*F,34.00%
2020-03-08 22:14:00,75.2*F,37.00%
2020-03-08 22:15:00,75.2*F,37.00%
2020-03-08 22:16:00,75.2*F,37.00%
2020-03-08 22:17:00,75.2*F,37.00%
2020-03-08 22:18:00,75.2*F,37.00%
2020-03-08 22:19:00,75.2*F,37.00%
2020-03-08 22:20:00,75.2*F,37.00%
2020-03-08 22:21:00,75.2*F,37.00%
2020-03-08 22:22:00,75.2*F,38.00%
2020-03-08 22:23:00,75.2*F,37.00%
2020-03-08 22:24:00,75.2*F,37.00%
2020-03-08 22:25:00,75.2*F,38.00%
2020-03-08 22:26:00,75.2*F,38.00%
2020-03-08 22:27:00,75.2*F,37.00%
2020-03-08 22:28:00,75.2*F,35.00%
2020-03-08 22:29:00,75.2*F,36.00%
2020-03-08 22:30:00,75.2*F,34.00%
2020-03-08 22:31:00,75.2*F,34.00%
2020-03-08 22:32:00,75.2*F,36.00%
2020-03-08 22:33:00,75.2*F,34.00%
2020-03-08 22:34:00,75.2*F,37.00%
2020-03-08 22:35:00,75.2*F,37.00%
2020-03-08 22:36:00,75.2*F,37.00%
2020-03-08 22:37:00,75.2*F,35.00%
2020-03-08 22:38:00,75.2*F,37.00%
2020-03-08 22:39:00,75.2*F,35.00%
2020-03-08 22:40:00,75.2*F,37.00%
2020-03-08 22:41:00,75.2*F,37.00%
2020-03-08 22:42:00,75.2*F,37.00%
2020-03-08 22:43:00,75.2*F,37.00%
2020-03-08 22:44:00,75.2*F,37.00%
2020-03-08 22:45:00,75.2*F,34.00%
2020-03-08 22:46:00,75.2*F,37.00%
2020-03-08 22:47:00,75.2*F,34.00%
2020-03-08 22:48:00,75.2*F,34.00%
2020-03-08 22:49:00,75.2*F,36.00%
2020-03-08 22:50:00,73.4*F,36.00%
2020-03-08 22:51:00,73.4*F,34.00%
2020-03-08 22:52:00,73.4*F,37.00%
2020-03-08 22:53:00,73.4*F,37.00%
2020-03-08 22:54:00,75.2*F,35.00%
2020-03-08 22:55:00,73.4*F,36.00%
2020-03-08 22:56:00,75.2*F,35.00%
2020-03-08 22:57:00,75.2*F,37.00%
2020-03-08 22:58:00,73.4*F,36.00%
2020-03-08 22:59:00,75.2*F,37.00%
2020-03-08 23:00:00,73.4*F,37.00%
2020-03-08 23:01:00,73.4*F,38.00%
2020-03-08 23:02:00,73.4*F,37.00%
2020-03-08 23:03:00,73.4*F,36.00%
2020-03-08 23:04:00,75.2*F,38.00%
2020-03-08 23:05:00,73.4*F,37.00%
2020-03-08 23:06:00,73.4*F,38.00%
2020-03-08 23:07:00,73.4*F,37.00%
2020-03-08 23:08:00,73.4*F,37.00%
2020-03-08 23:09:00,73.4*F,37.00%
2020-03-08 23:10:00,73.4*F,37.00%
2020-03-08 23:11:00,73.4*F,35.00%
2020-03-08 23:12:00,73.4*F,35.00%
2020-03-08 23:13:00,73.4*F,37.00%
2020-03-08 23:14:00,73.4*F,35.00%
2020-03-08 23:15:00,75.2*F,38.00%
2020-03-08 23:16:00,73.4*F,35.00%
2020-03-08 23:17:00,73.4*F,37.00%
2020-03-08 23:18:00,73.4*F,37.00%
2020-03-08 23:19:00,73.4*F,35.00%
2020-03-08 23:20:00,73.4*F,37.00%
2020-03-08 23:21:00,73.4*F,36.00%
2020-03-08 23:22:00,73.4*F,36.00%
2020-03-08 23:23:00,73.4*F,37.00%
2020-03-08 23:24:00,73.4*F,39.00%
2020-03-08 23:25:00,75.2*F,35.00%
2020-03-08 23:26:00,75.2*F,37.00%
2020-03-08 23:27:00,75.2*F,37.00%
2020-03-08 23:28:00,73.4*F,37.00%
2020-03-08 23:29:00,73.4*F,37.00%
2020-03-08 23:30:00,73.4*F,36.00%
2020-03-08 23:31:00,75.2*F,37.00%
2020-03-08 23:32:00,75.2*F,37.00%
2020-03-08 23:33:00,73.4*F,36.00%
2020-03-08 23:34:00,75.2*F,36.00%
2020-03-08 23:35:00,75.2*F,37.00%
2020-03-08 23:36:00,75.2*F,37.00%
2020-03-08 23:37:00,75.2*F,38.00%
2020-03-08 23:38:00,75.2*F,35.00%
2020-03-08 23:39:00,75.2*F,146.00%
2020-03-08 23:40:00,73.4*F,36.00%
2020-03-08 23:41:00,75.2*F,38.00%
2020-03-08 23:42:00,75.2*F,38.00%
2020-03-08 23:43:00,75.2*F,38.00%
2020-03-08 23:44:00,75.2*F,36.00%
2020-03-08 23:45:00,75.2*F,39.00%
2020-03-08 23:46:00,75.2*F,37.00%
2020-03-08 23:47:00,75.2*F,39.00%
2020-03-08 23:48:00,75.2*F,36.00%
2020-03-08 23:49:00,75.2*F,38.00%
2020-03-08 23:50:00,75.2*F,37.00%
2020-03-08 23:51:00,75.2*F,39.00%
2020-03-08 23:52:00,75.2*F,39.00%
2020-03-08 23:53:00,75.2*F,37.00%
2020-03-08 23:54:00,75.2*F,39.00%
2020-03-08 23:55:00,75.2*F,37.00%
2020-03-08 23:56:00,75.2*F,39.00%
2020-03-08 23:57:00,75.2*F,39.00%
2020-03-08 23:58:00,75.2*F,39.00%
2020-03-08 23:59:00,75.2*F,39.00%
2020-03-09 00:00:00,75.2*F,39.00%
2020-03-09 00:01:00,75.2*F,39.00%
2020-03-09 00:02:00,75.2*F,36.00%
2020-03-09 00:03:00,75.2*F,39.00%
2020-03-09 00:04:00,75.2*F,37.00%
2020-03-09 00:05:00,75.2*F,39.00%
2020-03-09 00:06:00,75.2*F,39.00%
2020-03-09 00:07:00,75.2*F,37.00%
2020-03-09 00:08:00,75.2*F,40.00%
2020-03-09 00:09:00,75.2*F,37.00%
2020-03-09 00:10:00,75.2*F,40.00%
2020-03-09 00:11:00,75.2*F,38.00%
2020-03-09 00:12:00,75.2*F,40.00%
2020-03-09 00:13:00,75.2*F,37.00%
2020-03-09 00:14:00,75.2*F,40.00%
2020-03-09 00:15:00,75.2*F,40.00%
2020-03-09 00:16:00,75.2*F,38.00%
2020-03-09 00:17:00,75.2*F,38.00%
2020-03-09 00:18:00,75.2*F,40.00%
2020-03-09 00:19:00,75.2*F,40.00%
2020-03-09 00:20:00,75.2*F,40.00%
2020-03-09 00:21:00,75.2*F,40.00%
2020-03-09 00:22:00,75.2*F,41.00%
2020-03-09 00:23:00,75.2*F,40.00%
2020-03-09 00:24:00,75.2*F,40.00%
2020-03-09 00:25:00,75.2*F,40.00%
2020-03-09 00:26:00,75.2*F,40.00%
2020-03-09 00:27:00,75.2*F,40.00%
2020-03-09 00:28:00,75.2*F,39.00%
2020-03-09 00:29:00,75.2*F,39.00%
2020-03-09 00:30:00,75.2*F,37.00%
2020-03-09 00:31:00,75.2*F,39.00%
2020-03-09 00:32:00,75.2*F,39.00%
2020-03-09 00:33:00,75.2*F,37.00%
2020-03-09 00:34:00,75.2*F,39.00%
2020-03-09 00:35:00,75.2*F,39.00%
2020-03-09 00:36:00,75.2*F,39.00%
2020-03-09 00:37:00,75.2*F,40.00%
2020-03-09 00:38:00,75.2*F,37.00%
2020-03-09 00:39:00,75.2*F,40.00%
2020-03-09 00:40:00,75.2*F,39.00%
2020-03-09 00:41:00,75.2*F,40.00%
2020-03-09 00:42:00,75.2*F,39.00%
2020-03-09 00:43:00,75.2*F,40.00%
2020-03-09 00:44:00,75.2*F,37.00%
2020-03-09 00:45:00,75.2*F,39.00%
2020-03-09 00:46:00,75.2*F,37.00%
2020-03-09 00:47:00,75.2*F,39.00%
2020-03-09 00:48:00,75.2*F,37.00%
2020-03-09 00:49:00,75.2*F,39.00%
2020-03-09 00:50:00,75.2*F,39.00%
2020-03-09 00:51:00,75.2*F,39.00%
2020-03-09 00:52:00,75.2*F,39.00%
2020-03-09 00:53:00,75.2*F,39.00%
2020-03-09 00:54:00,75.2*F,37.00%
2020-03-09 00:55:00,75.2*F,39.00%
2020-03-09 00:56:00,75.2*F,37.00%
2020-03-09 00:57:00,75.2*F,39.00%
2020-03-09 00:58:00,75.2*F,39.00%
2020-03-09 00:59:00,53.6*F,39.00%
2020-03-09 01:00:00,75.2*F,40.00%
2020-03-09 01:01:00,75.2*F,37.00%
2020-03-09 01:02:00,75.2*F,40.00%
2020-03-09 01:03:00,75.2*F,40.00%
2020-03-09 01:04:00,75.2*F,40.00%
2020-03-09 01:05:00,75.2*F,40.00%
2020-03-09 01:06:00,75.2*F,38.00%
2020-03-09 01:07:00,75.2*F,40.00%
2020-03-09 01:08:00,75.2*F,38.00%
2020-03-09 01:09:00,75.2*F,40.00%
2020-03-09 01:10:00,75.2*F,38.00%
2020-03-09 01:11:00,75.2*F,40.00%
2020-03-09 01:12:00,75.2*F,40.00%
2020-03-09 01:13:00,75.2*F,37.00%
2020-03-09 01:14:00,75.2*F,40.00%
2020-03-09 01:15:00,75.2*F,39.00%
2020-03-09 01:16:00,75.2*F,40.00%
2020-03-09 01:17:00,75.2*F,38.00%
2020-03-09 01:18:00,75.2*F,40.00%
2020-03-09 01:19:00,75.2*F,40.00%
2020-03-09 01:20:00,75.2*F,40.00%
2020-03-09 01:21:00,75.2*F,40.00%
2020-03-09 01:22:00,75.2*F,39.00%
2020-03-09 01:23:00,75.2*F,40.00%
2020-03-09 01:24:00,75.2*F,40.00%
2020-03-09 01:25:00,75.2*F,40.00%
2020-03-09 01:26:00,75.2*F,40.00%
2020-03-09 01:27:00,75.2*F,38.00%
2020-03-09 01:28:00,75.2*F,40.00%
2020-03-09 01:29:00,75.2*F,40.00%
2020-03-09 01:30:00,75.2*F,40.00%
2020-03-09 01:31:00,75.2*F,38.00%
2020-03-09 01:32:00,75.2*F,40.00%
2020-03-09 01:33:00,75.2*F,40.00%
2020-03-09 01:34:00,75.2*F,38.00%
2020-03-09 01:35:00,75.2*F,40.00%
2020-03-09 01:36:00,75.2*F,40.00%
2020-03-09 01:37:00,75.2*F,40.00%
2020-03-09 01:38:00,75.2*F,38.00%
2020-03-09 01:39:00,75.2*F,40.00%
2020-03-09 01:40:00,75.2*F,39.00%
2020-03-09 01:41:00,75.2*F,40.00%
2020-03-09 01:42:00,75.2*F,36.00%
2020-03-09 01:43:00,75.2*F,39.00%
2020-03-09 01:44:00,75.2*F,39.00%
2020-03-09 01:45:00,75.2*F,40.00%
2020-03-09 01:46:00,75.2*F,40.00%
2020-03-09 01:47:00,75.2*F,40.00%
2020-03-09 01:48:00,75.2*F,39.00%
2020-03-09 01:49:00,75.2*F,40.00%
2020-03-09 01:50:00,75.2*F,39.00%
2020-03-09 01:51:00,75.2*F,37.00%
2020-03-09 01:52:00,75.2*F,40.00%
2020-03-09 01:53:00,75.2*F,40.00%
2020-03-09 01:54:00,75.2*F,40.00%
2020-03-09 01:55:00,75.2*F,40.00%
2020-03-09 01:56:00,75.2*F,40.00%
2020-03-09 01:57:00,75.2*F,40.00%
2020-03-09 01:58:00,75.2*F,40.00%
2020-03-09 01:59:00,75.2*F,40.00%
2020-03-09 02:00:00,75.2*F,40.00%
2020-03-09 02:01:00,75.2*F,40.00%
2020-03-09 02:02:00,75.2*F,39.00%
2020-03-09 02:03:00,75.2*F,39.00%
2020-03-09 02:04:00,75.2*F,36.00%
2020-03-09 02:05:00,75.2*F,39.00%
2020-03-09 02:06:00,75.2*F,36.00%
2020-03-09 02:07:00,75.2*F,38.00%
2020-03-09 02:08:00,75.2*F,38.00%
2020-03-09 02:09:00,75.2*F,38.00%
2020-03-09 02:10:00,75.2*F,36.00%
2020-03-09 02:11:00,75.2*F,38.00%
2020-03-09 02:12:00,75.2*F,38.00%
2020-03-09 02:13:00,75.2*F,39.00%
2020-03-09 02:14:00,75.2*F,36.00%
2020-03-09 02:15:00,75.2*F,39.00%
2020-03-09 02:16:00,75.2*F,39.00%
2020-03-09 02:17:00,75.2*F,39.00%
2020-03-09 02:18:00,75.2*F,39.00%
2020-03-09 02:19:00,75.2*F,37.00%
2020-03-09 02:20:00,75.2*F,39.00%
2020-03-09 02:21:00,75.2*F,39.00%
2020-03-09 02:22:00,75.2*F,39.00%
2020-03-09 02:23:00,75.2*F,39.00%
2020-03-09 02:24:00,75.2*F,39.00%
2020-03-09 02:25:00,75.2*F,40.00%
2020-03-09 02:26:00,75.2*F,38.00%
2020-03-09 02:27:00,75.2*F,40.00%
2020-03-09 02:28:00,75.2*F,40.00%
2020-03-09 02:29:00,75.2*F,40.00%
2020-03-09 02:30:00,75.2*F,40.00%
2020-03-09 02:31:00,75.2*F,39.00%
2020-03-09 02:32:00,75.2*F,40.00%
2020-03-09 02:33:00,75.2*F,39.00%
2020-03-09 02:34:00,75.2*F,39.00%
2020-03-09 02:35:00,75.2*F,40.00%
2020-03-09 02:36:00,75.2*F,40.00%
2020-03-09 02:37:00,75.2*F,40.00%
2020-03-09 02:38:00,75.2*F,40.00%
2020-03-09 02:39:00,75.2*F,40.00%
2020-03-09 02:40:00,75.2*F,41.00%
2020-03-09 02:41:00,75.2*F,42.00%
2020-03-09 02:42:00,75.2*F,40.00%
2020-03-09 02:43:00,75.2*F,42.00%
2020-03-09 02:44:00,75.2*F,38.00%
2020-03-09 02:45:00,75.2*F,41.00%
2020-03-09 02:46:00,75.2*F,42.00%
2020-03-09 02:47:00,75.2*F,42.00%
2020-03-09 02:48:00,75.2*F,41.00%
2020-03-09 02:49:00,75.2*F,38.00%
2020-03-09 02:50:00,75.2*F,41.00%
2020-03-09 02:51:00,75.2*F,39.00%
2020-03-09 02:52:00,75.2*F,42.00%
2020-03-09 02:53:00,75.2*F,41.00%
2020-03-09 02:54:00,75.2*F,42.00%
2020-03-09 02:55:00,75.2*F,42.00%
2020-03-09 02:56:00,75.2*F,42.00%
2020-03-09 02:57:00,75.2*F,42.00%
2020-03-09 02:58:00,75.2*F,42.00%
2020-03-09 02:59:00,75.2*F,42.00%
2020-03-09 03:00:00,75.2*F,42.00%
2020-03-09 03:01:00,75.2*F,41.00%
2020-03-09 03:02:00,75.2*F,41.00%
2020-03-09 03:03:00,75.2*F,41.00%
2020-03-09 03:04:00,75.2*F,41.00%
2020-03-09 03:05:00,75.2*F,39.00%
2020-03-09 03:06:00,75.2*F,41.00%
2020-03-09 03:07:00,75.2*F,39.00%
2020-03-09 03:08:00,75.2*F,41.00%
2020-03-09 03:09:00,75.2*F,41.00%
2020-03-09 03:10:00,75.2*F,41.00%
2020-03-09 03:11:00,75.2*F,41.00%
2020-03-09 03:12:00,75.2*F,41.00%
2020-03-09 03:13:00,75.2*F,41.00%
2020-03-09 03:14:00,75.2*F,41.00%
2020-03-09 03:15:00,75.2*F,38.00%
2020-03-09 03:16:00,75.2*F,41.00%
2020-03-09 03:17:00,75.2*F,41.00%
2020-03-09 03:18:00,75.2*F,40.00%
2020-03-09 03:19:00,75.2*F,40.00%
2020-03-09 03:20:00,75.2*F,37.00%
2020-03-09 03:21:00,75.2*F,39.00%
2020-03-09 03:22:00,75.2*F,36.00%
2020-03-09 03:23:00,75.2*F,39.00%
2020-03-09 03:24:00,75.2*F,37.00%
2020-03-09 03:25:00,75.2*F,39.00%
2020-03-09 03:26:00,75.2*F,39.00%
2020-03-09 03:27:00,75.2*F,39.00%
2020-03-09 03:28:00,75.2*F,35.00%
2020-03-09 03:29:00,75.2*F,36.00%
2020-03-09 03:30:00,75.2*F,36.00%
2020-03-09 03:31:00,75.2*F,34.00%
2020-03-09 03:32:00,75.2*F,34.00%
2020-03-09 03:33:00,75.2*F,33.00%
2020-03-09 03:34:00,75.2*F,33.00%
2020-03-09 03:35:00,75.2*F,33.00%
2020-03-09 03:36:00,75.2*F,32.00%
2020-03-09 03:37:00,75.2*F,30.00%
2020-03-09 03:38:00,75.2*F,31.00%
2020-03-09 03:39:00,75.2*F,29.00%
2020-03-09 03:40:00,75.2*F,31.00%
2020-03-09 03:41:00,75.2*F,30.00%
2020-03-09 03:42:00,75.2*F,30.00%
2020-03-09 03:43:00,75.2*F,30.00%
2020-03-09 03:44:00,75.2*F,30.00%
2020-03-09 03:45:00,75.2*F,30.00%
2020-03-09 03:46:00,75.2*F,30.00%
2020-03-09 03:47:00,75.2*F,28.00%
2020-03-09 03:48:00,75.2*F,30.00%
2020-03-09 03:49:00,75.2*F,29.00%
2020-03-09 03:50:00,75.2*F,29.00%
2020-03-09 03:51:00,75.2*F,28.00%
2020-03-09 03:52:00,75.2*F,29.00%
2020-03-09 03:53:00,75.2*F,29.00%
2020-03-09 03:54:00,75.2*F,28.00%
2020-03-09 03:55:00,73.4*F,29.00%
2020-03-09 03:56:00,75.2*F,29.00%
2020-03-09 03:57:00,75.2*F,29.00%
2020-03-09 03:58:00,75.2*F,29.00%
2020-03-09 03:59:00,75.2*F,27.00%
2020-03-09 04:00:00,75.2*F,29.00%
2020-03-09 04:01:00,73.4*F,29.00%
2020-03-09 04:02:00,73.4*F,26.00%
2020-03-09 04:03:00,75.2*F,28.00%
2020-03-09 04:04:00,73.4*F,26.00%
2020-03-09 04:05:00,73.4*F,28.00%
2020-03-09 04:06:00,73.4*F,28.00%
2020-03-09 04:07:00,75.2*F,28.00%
2020-03-09 04:08:00,73.4*F,25.00%
2020-03-09 04:09:00,73.4*F,27.00%
2020-03-09 04:10:00,73.4*F,25.00%
2020-03-09 04:11:00,73.4*F,27.00%
2020-03-09 04:12:00,73.4*F,27.00%
2020-03-09 04:13:00,73.4*F,25.00%
2020-03-09 04:14:00,73.4*F,27.00%
2020-03-09 04:15:00,73.4*F,25.00%
2020-03-09 04:16:00,73.4*F,27.00%
2020-03-09 04:17:00,73.4*F,27.00%
2020-03-09 04:18:00,73.4*F,27.00%
2020-03-09 04:19:00,73.4*F,27.00%
2020-03-09 04:20:00,73.4*F,27.00%
2020-03-09 04:21:00,73.4*F,27.00%
2020-03-09 04:22:00,73.4*F,24.00%
2020-03-09 04:23:00,73.4*F,27.00%
2020-03-09 04:24:00,73.4*F,24.00%
2020-03-09 04:25:00,73.4*F,27.00%
2020-03-09 04:26:00,73.4*F,27.00%
2020-03-09 04:27:00,73.4*F,27.00%
2020-03-09 04:28:00,73.4*F,27.00%
2020-03-09 04:29:00,73.4*F,27.00%
2020-03-09 04:30:00,73.4*F,27.00%
2020-03-09 04:31:00,73.4*F,27.00%
2020-03-09 04:32:00,73.4*F,25.00%
2020-03-09 04:33:00,73.4*F,27.00%
2020-03-09 04:34:00,73.4*F,27.00%
2020-03-09 04:35:00,73.4*F,27.00%
2020-03-09 04:36:00,73.4*F,27.00%
2020-03-09 04:37:00,73.4*F,27.00%
2020-03-09 04:38:00,73.4*F,25.00%
2020-03-09 04:39:00,73.4*F,27.00%
2020-03-09 04:40:00,73.4*F,27.00%
2020-03-09 04:41:00,73.4*F,27.00%
2020-03-09 04:42:00,73.4*F,27.00%
2020-03-09 04:43:00,73.4*F,27.00%
2020-03-09 04:44:00,73.4*F,27.00%
2020-03-09 04:45:00,73.4*F,25.00%
2020-03-09 04:46:00,73.4*F,27.00%
2020-03-09 04:47:00,73.4*F,27.00%
2020-03-09 04:48:00,73.4*F,27.00%
2020-03-09 04:49:00,73.4*F,25.00%
2020-03-09 04:50:00,73.4*F,28.00%
2020-03-09 04:51:00,73.4*F,28.00%
2020-03-09 04:52:00,73.4*F,27.00%
2020-03-09 04:53:00,73.4*F,25.00%
2020-03-09 04:54:00,73.4*F,27.00%
2020-03-09 04:55:00,73.4*F,27.00%
2020-03-09 04:56:00,73.4*F,27.00%
2020-03-09 04:57:00,73.4*F,25.00%
2020-03-09 04:58:00,73.4*F,27.00%
2020-03-09 04:59:00,73.4*F,25.00%
2020-03-09 05:00:00,73.4*F,27.00%
2020-03-09 05:01:00,73.4*F,27.00%
2020-03-09 05:02:00,73.4*F,27.00%
2020-03-09 05:03:00,73.4*F,27.00%
2020-03-09 05:04:00,73.4*F,27.00%
2020-03-09 05:05:00,73.4*F,27.00%
2020-03-09 05:06:00,73.4*F,27.00%
2020-03-09 05:07:00,73.4*F,27.00%
2020-03-09 05:08:00,73.4*F,27.00%
2020-03-09 05:09:00,73.4*F,27.00%
2020-03-09 05:10:00,73.4*F,27.00%
2020-03-09 05:11:00,73.4*F,27.00%
2020-03-09 05:12:00,73.4*F,25.00%
2020-03-09 05:13:00,73.4*F,27.00%
2020-03-09 05:14:00,73.4*F,25.00%
2020-03-09 05:15:00,73.4*F,27.00%
2020-03-09 05:16:00,73.4*F,27.00%
2020-03-09 05:17:00,73.4*F,27.00%
2020-03-09 05:18:00,73.4*F,25.00%
2020-03-09 05:19:00,73.4*F,27.00%
2020-03-09 05:20:00,73.4*F,25.00%
2020-03-09 05:21:00,73.4*F,27.00%
2020-03-09 05:22:00,73.4*F,27.00%
2020-03-09 05:23:00,73.4*F,26.00%
2020-03-09 05:24:00,73.4*F,26.00%
2020-03-09 05:25:00,73.4*F,24.00%
2020-03-09 05:26:00,73.4*F,26.00%
2020-03-09 05:27:00,73.4*F,26.00%
2020-03-09 05:28:00,73.4*F,26.00%
2020-03-09 05:29:00,73.4*F,26.00%
2020-03-09 05:30:00,73.4*F,26.00%
2020-03-09 05:31:00,73.4*F,26.00%
2020-03-09 05:32:00,73.4*F,26.00%
2020-03-09 05:33:00,73.4*F,26.00%
2020-03-09 05:34:00,73.4*F,26.00%
2020-03-09 05:35:00,73.4*F,26.00%
2020-03-09 05:36:00,73.4*F,26.00%
2020-03-09 05:37:00,73.4*F,26.00%
2020-03-09 05:38:00,73.4*F,26.00%
2020-03-09 05:39:00,73.4*F,26.00%
2020-03-09 05:40:00,73.4*F,24.00%
2020-03-09 05:41:00,73.4*F,26.00%
2020-03-09 05:42:00,73.4*F,26.00%
2020-03-09 05:43:00,73.4*F,26.00%
2020-03-09 05:44:00,73.4*F,26.00%
2020-03-09 05:45:00,73.4*F,26.00%
2020-03-09 05:46:00,73.4*F,26.00%
2020-03-09 05:47:00,73.4*F,26.00%
2020-03-09 05:48:00,73.4*F,26.00%
2020-03-09 05:49:00,73.4*F,26.00%
2020-03-09 05:50:00,73.4*F,26.00%
2020-03-09 05:51:00,73.4*F,25.00%
2020-03-09 05:52:00,73.4*F,25.00%
2020-03-09 05:53:00,73.4*F,25.00%
2020-03-09 05:54:00,73.4*F,25.00%
2020-03-09 05:55:00,73.4*F,25.00%
2020-03-09 05:56:00,73.4*F,25.00%
2020-03-09 05:57:00,73.4*F,23.00%
2020-03-09 05:58:00,73.4*F,25.00%
2020-03-09 05:59:00,73.4*F,23.00%
2020-03-09 06:00:00,73.4*F,25.00%
2020-03-09 06:01:00,73.4*F,25.00%
2020-03-09 06:02:00,73.4*F,25.00%
2020-03-09 06:03:00,73.4*F,25.00%
2020-03-09 06:04:00,73.4*F,25.00%
2020-03-09 06:05:00,73.4*F,25.00%
2020-03-09 06:06:00,73.4*F,23.00%
2020-03-09 06:07:00,73.4*F,25.00%
2020-03-09 06:08:00,73.4*F,25.00%
2020-03-09 06:09:00,73.4*F,25.00%
2020-03-09 06:10:00,73.4*F,25.00%
2020-03-09 06:11:00,73.4*F,25.00%
2020-03-09 06:12:00,73.4*F,25.00%
2020-03-09 06:13:00,73.4*F,25.00%
2020-03-09 06:14:00,73.4*F,23.00%
2020-03-09 06:15:00,73.4*F,25.00%
2020-03-09 06:16:00,73.4*F,23.00%
2020-03-09 06:17:00,73.4*F,25.00%
2020-03-09 06:18:00,73.4*F,25.00%
2020-03-09 06:19:00,73.4*F,23.00%
2020-03-09 06:20:00,73.4*F,25.00%
2020-03-09 06:21:00,73.4*F,25.00%
2020-03-09 06:22:00,73.4*F,25.00%
2020-03-09 06:23:00,73.4*F,25.00%
2020-03-09 06:24:00,73.4*F,25.00%
2020-03-09 06:25:00,73.4*F,24.00%
2020-03-09 06:26:00,73.4*F,22.00%
2020-03-09 06:27:00,73.4*F,24.00%
2020-03-09 06:28:00,73.4*F,24.00%
2020-03-09 06:29:00,73.4*F,24.00%
2020-03-09 06:30:00,73.4*F,24.00%
2020-03-09 06:31:00,73.4*F,24.00%
2020-03-09 06:32:00,73.4*F,22.00%
2020-03-09 06:33:00,73.4*F,24.00%
2020-03-09 06:34:00,73.4*F,24.00%
2020-03-09 06:35:00,73.4*F,24.00%
2020-03-09 06:36:00,73.4*F,24.00%
2020-03-09 06:37:00,73.4*F,24.00%
2020-03-09 06:38:00,73.4*F,24.00%
2020-03-09 06:39:00,73.4*F,22.00%
2020-03-09 06:40:00,73.4*F,24.00%
2020-03-09 06:41:00,73.4*F,24.00%
2020-03-09 06:42:00,73.4*F,24.00%
2020-03-09 06:43:00,73.4*F,22.00%
2020-03-09 06:44:00,73.4*F,24.00%
2020-03-09 06:45:00,73.4*F,22.00%
2020-03-09 06:46:00,73.4*F,24.00%
2020-03-09 06:47:00,73.4*F,24.00%
2020-03-09 06:48:00,73.4*F,24.00%
2020-03-09 06:49:00,73.4*F,24.00%
2020-03-09 06:50:00,73.4*F,22.00%
2020-03-09 06:51:00,73.4*F,24.00%
2020-03-09 06:52:00,73.4*F,25.00%
2020-03-09 06:53:00,73.4*F,24.00%
2020-03-09 06:54:00,73.4*F,25.00%
2020-03-09 06:55:00,73.4*F,25.00%
2020-03-09 06:56:00,73.4*F,25.00%
2020-03-09 06:57:00,73.4*F,25.00%
2020-03-09 06:58:00,73.4*F,25.00%
2020-03-09 06:59:00,73.4*F,25.00%
2020-03-09 07:00:00,73.4*F,25.00%
2020-03-09 07:01:00,73.4*F,25.00%
2020-03-09 07:02:00,73.4*F,25.00%
2020-03-09 07:03:00,73.4*F,23.00%
2020-03-09 07:04:00,73.4*F,25.00%
2020-03-09 07:05:00,73.4*F,25.00%
2020-03-09 07:06:00,73.4*F,25.00%
2020-03-09 07:07:00,73.4*F,25.00%
2020-03-09 07:08:00,73.4*F,25.00%
2020-03-09 07:09:00,73.4*F,25.00%
2020-03-09 07:10:00,73.4*F,25.00%
2020-03-09 07:11:00,73.4*F,22.00%
2020-03-09 07:12:00,73.4*F,25.00%
2020-03-09 07:13:00,73.4*F,25.00%
2020-03-09 07:14:00,73.4*F,25.00%
2020-03-09 07:15:00,73.4*F,25.00%
2020-03-09 07:16:00,73.4*F,25.00%
2020-03-09 07:17:00,73.4*F,25.00%
2020-03-09 07:18:00,73.4*F,25.00%
2020-03-09 07:19:00,73.4*F,25.00%
2020-03-09 07:20:00,73.4*F,25.00%
2020-03-09 07:21:00,73.4*F,25.00%
2020-03-09 07:22:00,73.4*F,25.00%
2020-03-09 07:23:00,73.4*F,25.00%
2020-03-09 07:24:00,73.4*F,23.00%
2020-03-09 07:25:00,73.4*F,25.00%
2020-03-09 07:26:00,73.4*F,25.00%
2020-03-09 07:27:00,73.4*F,25.00%
2020-03-09 07:28:00,73.4*F,26.00%
2020-03-09 07:29:00,73.4*F,26.00%
2020-03-09 07:30:00,73.4*F,26.00%
2020-03-09 07:31:00,73.4*F,24.00%
2020-03-09 07:32:00,73.4*F,26.00%
2020-03-09 07:33:00,73.4*F,24.00%
2020-03-09 07:34:00,73.4*F,26.00%
2020-03-09 07:35:00,73.4*F,24.00%
2020-03-09 07:36:00,73.4*F,26.00%
2020-03-09 07:37:00,73.4*F,24.00%
2020-03-09 07:38:00,73.4*F,26.00%
2020-03-09 07:39:00,73.4*F,26.00%
2020-03-09 07:40:00,73.4*F,26.00%
2020-03-09 07:41:00,73.4*F,26.00%
2020-03-09 07:42:00,73.4*F,26.00%
2020-03-09 07:43:00,73.4*F,26.00%
2020-03-09 07:44:00,73.4*F,26.00%
2020-03-09 07:45:00,73.4*F,26.00%
2020-03-09 07:46:00,73.4*F,26.00%
2020-03-09 07:47:00,73.4*F,26.00%
2020-03-09 07:48:00,73.4*F,26.00%
2020-03-09 07:49:00,73.4*F,26.00%
2020-03-09 07:50:00,73.4*F,24.00%
2020-03-09 07:51:00,73.4*F,23.00%
2020-03-09 07:52:00,73.4*F,25.00%
2020-03-09 07:53:00,73.4*F,25.00%
2020-03-09 07:54:00,73.4*F,25.00%
2020-03-09 07:55:00,73.4*F,25.00%
2020-03-09 07:56:00,73.4*F,25.00%
2020-03-09 07:57:00,73.4*F,25.00%
2020-03-09 07:58:00,73.4*F,25.00%
2020-03-09 07:59:00,73.4*F,25.00%
2020-03-09 08:00:00,73.4*F,25.00%
2020-03-09 08:01:00,73.4*F,25.00%
2020-03-09 08:02:00,73.4*F,25.00%
2020-03-09 08:03:00,73.4*F,25.00%
2020-03-09 08:04:00,73.4*F,25.00%
2020-03-09 08:05:00,73.4*F,25.00%
2020-03-09 08:06:00,73.4*F,25.00%
2020-03-09 08:07:00,73.4*F,25.00%
2020-03-09 08:08:00,73.4*F,26.00%
2020-03-09 08:09:00,73.4*F,25.00%
2020-03-09 08:10:00,73.4*F,26.00%
2020-03-09 08:11:00,73.4*F,26.00%
2020-03-09 08:12:00,73.4*F,26.00%
2020-03-09 08:13:00,73.4*F,26.00%
2020-03-09 08:14:00,73.4*F,26.00%
2020-03-09 08:15:00,73.4*F,26.00%
2020-03-09 08:16:00,73.4*F,26.00%
2020-03-09 08:17:00,73.4*F,26.00%
2020-03-09 08:18:00,73.4*F,26.00%
2020-03-09 08:19:00,73.4*F,25.00%
2020-03-09 08:20:00,73.4*F,26.00%
2020-03-09 08:21:00,73.4*F,26.00%
2020-03-09 08:22:00,73.4*F,26.00%
2020-03-09 08:23:00,73.4*F,26.00%
2020-03-09 08:24:00,73.4*F,24.00%
2020-03-09 08:25:00,73.4*F,26.00%
2020-03-09 08:26:00,73.4*F,26.00%
2020-03-09 08:27:00,73.4*F,26.00%
2020-03-09 08:28:00,73.4*F,26.00%
2020-03-09 08:29:00,73.4*F,26.00%
2020-03-09 08:30:00,73.4*F,26.00%
2020-03-09 08:31:00,73.4*F,26.00%
2020-03-09 08:32:00,73.4*F,26.00%
2020-03-09 08:33:00,73.4*F,23.00%
2020-03-09 08:34:00,73.4*F,26.00%
2020-03-09 08:35:00,73.4*F,26.00%
2020-03-09 08:36:00,73.4*F,26.00%
2020-03-09 08:37:00,73.4*F,26.00%
2020-03-09 08:38:00,73.4*F,26.00%
2020-03-09 08:39:00,73.4*F,26.00%
2020-03-09 08:40:00,73.4*F,26.00%
2020-03-09 08:41:00,73.4*F,25.00%
2020-03-09 08:42:00,73.4*F,25.00%
2020-03-09 08:43:00,73.4*F,25.00%
2020-03-09 08:44:00,73.4*F,26.00%
2020-03-09 08:45:00,73.4*F,25.00%
2020-03-09 08:46:00,73.4*F,25.00%
2020-03-09 08:47:00,73.4*F,25.00%
2020-03-09 08:48:00,73.4*F,23.00%
2020-03-09 08:49:00,73.4*F,25.00%
2020-03-09 08:50:00,73.4*F,25.00%
2020-03-09 08:51:00,73.4*F,25.00%
2020-03-09 08:52:00,73.4*F,25.00%
2020-03-09 08:53:00,73.4*F,25.00%
2020-03-09 08:54:00,73.4*F,23.00%
2020-03-09 08:55:00,73.4*F,23.00%
2020-03-09 08:56:00,73.4*F,25.00%
2020-03-09 08:57:00,73.4*F,23.00%
2020-03-09 08:58:00,73.4*F,25.00%
2020-03-09 08:59:00,73.4*F,25.00%
2020-03-09 09:00:00,73.4*F,25.00%
2020-03-09 09:01:00,73.4*F,25.00%
2020-03-09 09:02:00,73.4*F,25.00%
2020-03-09 09:03:00,73.4*F,25.00%
2020-03-09 09:04:00,73.4*F,25.00%
2020-03-09 09:05:00,73.4*F,25.00%
2020-03-09 09:06:00,73.4*F,25.00%
2020-03-09 09:07:00,73.4*F,25.00%
2020-03-09 09:08:00,73.4*F,25.00%
2020-03-09 09:09:00,73.4*F,24.00%
2020-03-09 09:10:00,73.4*F,24.00%
2020-03-09 09:11:00,73.4*F,24.00%
2020-03-09 09:12:00,73.4*F,24.00%
2020-03-09 09:13:00,73.4*F,24.00%
2020-03-09 09:14:00,73.4*F,24.00%
2020-03-09 09:15:00,73.4*F,24.00%
2020-03-09 09:16:00,73.4*F,25.00%
2020-03-09 09:17:00,73.4*F,24.00%
2020-03-09 09:18:00,73.4*F,25.00%
2020-03-09 09:19:00,73.4*F,24.00%
2020-03-09 09:20:00,73.4*F,24.00%
2020-03-09 09:21:00,73.4*F,24.00%
2020-03-09 09:22:00,73.4*F,24.00%
2020-03-09 09:23:00,73.4*F,22.00%
2020-03-09 09:24:00,73.4*F,24.00%
2020-03-09 09:25:00,73.4*F,22.00%
2020-03-09 09:26:00,73.4*F,24.00%
2020-03-09 09:27:00,73.4*F,24.00%
2020-03-09 09:28:00,73.4*F,24.00%
2020-03-09 09:29:00,73.4*F,24.00%
2020-03-09 09:30:00,73.4*F,23.00%
2020-03-09 09:31:00,73.4*F,23.00%
2020-03-09 09:32:00,73.4*F,23.00%
2020-03-09 09:33:00,73.4*F,22.00%
2020-03-09 09:34:00,73.4*F,24.00%
2020-03-09 09:35:00,73.4*F,24.00%
2020-03-09 09:36:00,73.4*F,24.00%
2020-03-09 09:37:00,73.4*F,24.00%
2020-03-09 09:38:00,73.4*F,24.00%
2020-03-09 09:39:00,73.4*F,24.00%
2020-03-09 09:40:00,73.4*F,25.00%
2020-03-09 09:41:00,73.4*F,25.00%
2020-03-09 09:42:00,73.4*F,23.00%
2020-03-09 09:43:00,73.4*F,24.00%
2020-03-09 09:44:00,73.4*F,26.00%
2020-03-09 09:45:00,73.4*F,26.00%
2020-03-09 09:46:00,73.4*F,27.00%
2020-03-09 09:47:00,73.4*F,26.00%
2020-03-09 09:48:00,73.4*F,24.00%
2020-03-09 09:49:00,73.4*F,26.00%
2020-03-09 09:50:00,73.4*F,26.00%
2020-03-09 09:51:00,73.4*F,25.00%
2020-03-09 09:52:00,73.4*F,25.00%
2020-03-09 09:53:00,73.4*F,25.00%
2020-03-09 09:54:00,73.4*F,24.00%
2020-03-09 09:55:00,73.4*F,25.00%
2020-03-09 09:56:00,73.4*F,22.00%
2020-03-09 09:57:00,73.4*F,24.00%
2020-03-09 09:58:00,73.4*F,23.00%
2020-03-09 09:59:00,73.4*F,23.00%
2020-03-09 10:00:00,73.4*F,23.00%
2020-03-09 10:01:00,73.4*F,23.00%
2020-03-09 10:02:00,73.4*F,23.00%
2020-03-09 10:03:00,73.4*F,23.00%
2020-03-09 10:04:00,73.4*F,23.00%
2020-03-09 10:05:00,73.4*F,23.00%
2020-03-09 10:06:00,73.4*F,20.00%
2020-03-09 10:07:00,73.4*F,22.00%
2020-03-09 10:08:00,73.4*F,22.00%
2020-03-09 10:09:00,73.4*F,20.00%
2020-03-09 10:10:00,73.4*F,23.00%
2020-03-09 10:11:00,73.4*F,22.00%
2020-03-09 10:12:00,73.4*F,23.00%
2020-03-09 10:13:00,73.4*F,21.00%
2020-03-09 10:14:00,73.4*F,23.00%
2020-03-09 10:15:00,73.4*F,24.00%
2020-03-09 10:16:00,73.4*F,25.00%
2020-03-09 10:17:00,73.4*F,24.00%
2020-03-09 10:18:00,73.4*F,24.00%
2020-03-09 10:19:00,73.4*F,24.00%
2020-03-09 10:20:00,73.4*F,23.00%
2020-03-09 10:21:00,73.4*F,23.00%
2020-03-09 10:22:00,73.4*F,23.00%
2020-03-09 10:23:00,73.4*F,23.00%
2020-03-09 10:24:00,73.4*F,23.00%
2020-03-09 10:25:00,73.4*F,20.00%
2020-03-09 10:26:00,73.4*F,22.00%
2020-03-09 10:27:00,73.4*F,22.00%
2020-03-09 10:28:00,73.4*F,23.00%
2020-03-09 10:29:00,73.4*F,23.00%
2020-03-09 10:30:00,73.4*F,23.00%
2020-03-09 10:31:00,73.4*F,22.00%
2020-03-09 10:32:00,73.4*F,23.00%
2020-03-09 10:33:00,73.4*F,23.00%
2020-03-09 10:34:00,73.4*F,23.00%
2020-03-09 10:35:00,73.4*F,23.00%
2020-03-09 10:36:00,73.4*F,23.00%
2020-03-09 10:37:00,73.4*F,23.00%
2020-03-09 10:38:00,73.4*F,22.00%
2020-03-09 10:39:00,73.4*F,23.00%
2020-03-09 10:40:00,73.4*F,20.00%
2020-03-09 10:41:00,73.4*F,22.00%
2020-03-09 10:42:00,73.4*F,23.00%
2020-03-09 10:43:00,73.4*F,23.00%
2020-03-09 10:44:00,73.4*F,23.00%
2020-03-09 10:45:00,73.4*F,23.00%
2020-03-09 10:46:00,73.4*F,23.00%
2020-03-09 10:47:00,73.4*F,22.00%
2020-03-09 10:48:00,73.4*F,23.00%
2020-03-09 10:49:00,73.4*F,23.00%
2020-03-09 10:50:00,73.4*F,24.00%
2020-03-09 10:51:00,73.4*F,24.00%
2020-03-09 10:52:00,73.4*F,24.00%
2020-03-09 13:04:00,73.4*F,24.00%
2020-03-09 13:04:00,73.4*F,23.00%
2020-03-09 13:05:00,73.4*F,21.00%
2020-03-09 13:22:00,73.4*F,23.00%
2020-03-09 13:33:14,73.4*F,25.00%2020-03-11 00:10:46,73.4*F,25.0%
